config,group,case_count,hit_at_1,hit_at_3,hit_at_5,hit_at_10,mrr,recall_at_1,recall_at_3,recall_at_5,recall_at_10,precision_at_1,precision_at_3,precision_at_5,precision_at_10,ragas_id_context_precision,ragas_id_context_recall,mean_latency_ms,p95_latency_ms
bm25_current,diagnostic:colloquial,15,0.4,0.5333333333333333,0.6666666666666666,0.8666666666666667,0.5194444444444445,0.3333333333333333,0.4666666666666667,0.5666666666666667,0.8333333333333334,0.4,0.17777777777777776,0.13333333333333333,0.10666666666666667,0.10666666666666667,0.8333333333333334,0.885039999957371,1.2304899996706808
bm25_current,diagnostic:exact_medical_or_product_term,15,0.4,0.5333333333333333,0.6666666666666666,0.8,0.5033333333333333,0.3333333333333333,0.4666666666666667,0.5666666666666667,0.7333333333333333,0.4,0.17777777777777776,0.13333333333333333,0.08666666666666667,0.08666666666666667,0.7333333333333333,0.9073199999572049,1.5842599995266928
bm25_current,diagnostic:long_natural_language,3,0.0,0.3333333333333333,1.0,1.0,0.27777777777777773,0.0,0.3333333333333333,0.7142857142857143,0.7142857142857143,0.0,0.1111111111111111,0.20000000000000004,0.10000000000000002,0.10000000000000002,0.7142857142857143,1.1319666667380563,2.2683400002279086
bm25_current,diagnostic:numeric_or_time,11,0.5454545454545454,0.7272727272727273,0.8181818181818182,0.8181818181818182,0.6393939393939394,0.4090909090909091,0.5909090909090909,0.6818181818181818,0.7727272727272727,0.5454545454545454,0.2424242424242424,0.16363636363636364,0.1,0.1,0.7727272727272727,0.993681818065604,1.7464999996263941
bm25_current,diagnostic:paraphrase,6,0.16666666666666666,0.3333333333333333,0.5,0.8333333333333334,0.3277777777777778,0.16666666666666666,0.3333333333333333,0.5,0.8333333333333334,0.16666666666666666,0.1111111111111111,0.10000000000000002,0.08333333333333333,0.08333333333333333,0.8333333333333334,1.2729166666455665,2.428749999808133
bm25_current,diagnostic:procedure,6,0.0,0.3333333333333333,0.8333333333333334,0.8333333333333334,0.2638888888888889,0.0,0.21428571428571427,0.4880952380952381,0.6428571428571429,0.0,0.16666666666666666,0.20000000000000004,0.16666666666666666,0.16666666666666666,0.6428571428571429,1.0026285715087266,2.090200000384356
bm25_current,diagnostic:product_specific,18,0.2222222222222222,0.5555555555555556,0.7777777777777778,0.8888888888888888,0.44999999999999996,0.19444444444444445,0.5,0.6666666666666666,0.8055555555555556,0.2222222222222222,0.2037037037037037,0.16666666666666666,0.10555555555555557,0.10555555555555557,0.8055555555555556,0.8435555555984643,1.238799999237017
bm25_current,diagnostic:temporal,18,0.6111111111111112,0.7777777777777778,0.7777777777777778,0.7777777777777778,0.6759259259259259,0.4444444444444444,0.6666666666666666,0.6944444444444444,0.75,0.6111111111111112,0.2962962962962963,0.1888888888888889,0.10555555555555557,0.10555555555555557,0.75,0.9744666665230599,1.4625799994519173
bm25_current,question_type:adverse_reaction,8,0.75,1.0,1.0,1.0,0.875,0.375,0.8125,0.9375,1.0,0.75,0.5416666666666666,0.375,0.2,0.2,1.0,0.9189250001782057,1.1292499998035055
bm25_current,question_type:fact_specific,10,0.5,0.8,0.9,0.9,0.675,0.5,0.75,0.9,0.9,0.5,0.3,0.22000000000000003,0.11000000000000001,0.11000000000000001,0.9,1.2180200000329933,1.6529449995687173
bm25_current,question_type:monitoring,2,0.5,0.5,1.0,1.0,0.6,0.5,0.5,1.0,1.0,0.5,0.16666666666666666,0.2,0.1,0.1,1.0,1.1142499997731647,1.1489449995679024
bm25_current,question_type:negative_out_of_scope,0,,,,,,,,,,,,,,,,0.9008181817658955,1.1979999999311985
bm25_current,question_type:paraphrase,6,0.16666666666666666,0.3333333333333333,0.5,0.8333333333333334,0.3277777777777778,0.16666666666666666,0.3333333333333333,0.5,0.8333333333333334,0.16666666666666666,0.1111111111111111,0.10000000000000002,0.08333333333333333,0.08333333333333333,0.8333333333333334,1.2729166666455665,2.428749999808133
bm25_current,question_type:preparation,10,0.3,0.6,0.7,1.0,0.4926190476190476,0.3,0.55,0.7,0.95,0.3,0.2,0.16,0.11000000000000001,0.11000000000000001,0.95,1.189270000122633,1.5906850002465944
bm25_current,question_type:procedure,6,0.0,0.3333333333333333,0.8333333333333334,0.8333333333333334,0.2638888888888889,0.0,0.21428571428571427,0.4880952380952381,0.6428571428571429,0.0,0.16666666666666666,0.20000000000000004,0.16666666666666666,0.16666666666666666,0.6428571428571429,1.0026285715087266,2.090200000384356
bm25_current,question_type:product_specific,18,0.2222222222222222,0.5555555555555556,0.7777777777777778,0.8888888888888888,0.44999999999999996,0.19444444444444445,0.5,0.6666666666666666,0.8055555555555556,0.2222222222222222,0.2037037037037037,0.16666666666666666,0.10555555555555557,0.10555555555555557,0.8055555555555556,0.8435555555984643,1.238799999237017
bm25_current,question_type:temporal,18,0.6111111111111112,0.7777777777777778,0.7777777777777778,0.7777777777777778,0.6759259259259259,0.4444444444444444,0.6666666666666666,0.6944444444444444,0.75,0.6111111111111112,0.2962962962962963,0.1888888888888889,0.10555555555555557,0.10555555555555557,0.75,0.9744666665230599,1.4625799994519173
e5_large,diagnostic:colloquial,15,0.6,0.8,0.8,0.9333333333333333,0.7222222222222222,0.5333333333333333,0.7,0.7666666666666667,0.9333333333333333,0.6,0.28888888888888886,0.2,0.12666666666666668,0.12666666666666668,0.9333333333333333,200.65186000010726,284.5159300004525
e5_large,diagnostic:exact_medical_or_product_term,15,0.4666666666666667,0.8,0.8,0.8666666666666667,0.6222222222222222,0.43333333333333335,0.7333333333333333,0.7333333333333333,0.8666666666666667,0.4666666666666667,0.28888888888888886,0.17333333333333334,0.11333333333333334,0.11333333333333334,0.8666666666666667,179.888953333284,241.30459000025434
e5_large,diagnostic:long_natural_language,3,0.3333333333333333,1.0,1.0,1.0,0.5555555555555555,0.047619047619047616,0.7142857142857143,0.7619047619047619,0.7619047619047619,0.3333333333333333,0.3333333333333333,0.26666666666666666,0.13333333333333333,0.13333333333333333,0.7619047619047619,165.6823000002987,207.63743000097747
e5_large,diagnostic:numeric_or_time,11,0.45454545454545453,0.8181818181818182,0.8181818181818182,0.8181818181818182,0.6212121212121212,0.4090909090909091,0.7272727272727273,0.7727272727272727,0.8181818181818182,0.45454545454545453,0.303030303030303,0.2,0.10909090909090911,0.10909090909090911,0.8181818181818182,177.8465999999422,254.63005000028716
e5_large,diagnostic:paraphrase,6,0.5,0.6666666666666666,0.8333333333333334,0.8333333333333334,0.625,0.5,0.6666666666666666,0.8333333333333334,0.8333333333333334,0.5,0.2222222222222222,0.16666666666666666,0.08333333333333333,0.08333333333333333,0.8333333333333334,193.20853333374544,211.58152500061078
e5_large,diagnostic:procedure,6,0.5,1.0,1.0,1.0,0.7222222222222222,0.19047619047619047,0.6309523809523809,0.7619047619047619,0.8095238095238094,0.5,0.38888888888888884,0.3333333333333333,0.20000000000000004,0.20000000000000004,0.8095238095238094,186.21545714319967,225.26172000061706
e5_large,diagnostic:product_specific,18,0.5555555555555556,0.8333333333333334,0.8888888888888888,0.9444444444444444,0.6990740740740741,0.4444444444444444,0.75,0.8055555555555556,0.8888888888888888,0.5555555555555556,0.3333333333333333,0.21111111111111114,0.12222222222222223,0.12222222222222223,0.8888888888888888,174.5574444443668,227.50807500015063
e5_large,diagnostic:temporal,18,0.5,0.8888888888888888,0.8888888888888888,0.8888888888888888,0.6759259259259259,0.4166666666666667,0.8333333333333334,0.8611111111111112,0.8888888888888888,0.5,0.37037037037037035,0.23333333333333334,0.12222222222222223,0.12222222222222223,0.8888888888888888,199.51321666667354,281.2895350000872
e5_large,question_type:adverse_reaction,8,0.875,1.0,1.0,1.0,0.9375,0.4375,0.875,1.0,1.0,0.875,0.5833333333333333,0.4,0.2,0.2,1.0,230.1982125001132,348.9260549999926
e5_large,question_type:fact_specific,10,0.5,0.6,0.7,0.9,0.5953968253968254,0.4,0.6,0.7,0.9,0.5,0.26666666666666666,0.18,0.11000000000000001,0.11000000000000001,0.9,214.94318000013664,272.6427600002353
e5_large,question_type:monitoring,2,1.0,1.0,1.0,1.0,1.0,1.0,1.0,1.0,1.0,1.0,0.3333333333333333,0.2,0.1,0.1,1.0,171.3003499999104,197.9299550000178
e5_large,question_type:negative_out_of_scope,0,,,,,,,,,,,,,,,,162.43485454527797,209.3018999994456
e5_large,question_type:paraphrase,6,0.5,0.6666666666666666,0.8333333333333334,0.8333333333333334,0.625,0.5,0.6666666666666666,0.8333333333333334,0.8333333333333334,0.5,0.2222222222222222,0.16666666666666666,0.08333333333333333,0.08333333333333333,0.8333333333333334,193.20853333374544,211.58152500061078
e5_large,question_type:preparation,10,0.7,0.7,0.8,1.0,0.7491666666666666,0.6,0.65,0.8,1.0,0.7,0.26666666666666666,0.2,0.12000000000000002,0.12000000000000002,1.0,209.61826000020665,304.8573949998626
e5_large,question_type:procedure,6,0.5,1.0,1.0,1.0,0.7222222222222222,0.19047619047619047,0.6309523809523809,0.7619047619047619,0.8095238095238094,0.5,0.38888888888888884,0.3333333333333333,0.20000000000000004,0.20000000000000004,0.8095238095238094,186.21545714319967,225.26172000061706
e5_large,question_type:product_specific,18,0.5555555555555556,0.8333333333333334,0.8888888888888888,0.9444444444444444,0.6990740740740741,0.4444444444444444,0.75,0.8055555555555556,0.8888888888888888,0.5555555555555556,0.3333333333333333,0.21111111111111114,0.12222222222222223,0.12222222222222223,0.8888888888888888,174.5574444443668,227.50807500015063
e5_large,question_type:temporal,18,0.5,0.8888888888888888,0.8888888888888888,0.8888888888888888,0.6759259259259259,0.4166666666666667,0.8333333333333334,0.8611111111111112,0.8888888888888888,0.5,0.37037037037037035,0.23333333333333334,0.12222222222222223,0.12222222222222223,0.8888888888888888,199.51321666667354,281.2895350000872
no_reranker,diagnostic:colloquial,15,0.5333333333333333,0.8,0.9333333333333333,0.9333333333333333,0.6855555555555556,0.43333333333333335,0.6666666666666666,0.9,0.9333333333333333,0.5333333333333333,0.26666666666666666,0.24000000000000002,0.12666666666666668,0.12666666666666668,0.9333333333333333,201.71116666691282,285.6510100005835
no_reranker,diagnostic:exact_medical_or_product_term,15,0.4666666666666667,0.7333333333333333,0.8666666666666667,0.8666666666666667,0.6077777777777779,0.4,0.6333333333333333,0.7666666666666667,0.8666666666666667,0.4666666666666667,0.24444444444444444,0.18666666666666668,0.11333333333333334,0.11333333333333334,0.8666666666666667,180.96303999979378,243.12733999977348
no_reranker,diagnostic:long_natural_language,3,0.3333333333333333,1.0,1.0,1.0,0.611111111111111,0.047619047619047616,0.7142857142857143,0.7619047619047619,0.7619047619047619,0.3333333333333333,0.3333333333333333,0.26666666666666666,0.13333333333333333,0.13333333333333333,0.7619047619047619,167.00143333340142,210.09824000084336
no_reranker,diagnostic:numeric_or_time,11,0.6363636363636364,0.8181818181818182,0.8181818181818182,0.8181818181818182,0.7272727272727273,0.5,0.6818181818181818,0.7272727272727273,0.8181818181818182,0.6363636363636364,0.2727272727272727,0.18181818181818182,0.10909090909090911,0.10909090909090911,0.8181818181818182,179.00583636326866,256.43894999984695
no_reranker,diagnostic:paraphrase,6,0.5,0.5,0.8333333333333334,0.8333333333333334,0.5750000000000001,0.5,0.5,0.8333333333333334,0.8333333333333334,0.5,0.16666666666666666,0.16666666666666666,0.08333333333333333,0.08333333333333333,0.8333333333333334,194.65295000069696,212.5957000012022
no_reranker,diagnostic:procedure,6,0.3333333333333333,1.0,1.0,1.0,0.6666666666666666,0.047619047619047616,0.5714285714285714,0.7023809523809524,0.8333333333333334,0.3333333333333333,0.38888888888888884,0.3333333333333333,0.21666666666666667,0.21666666666666667,0.8333333333333334,187.39257142884267,226.78061000069647
no_reranker,diagnostic:product_specific,18,0.3888888888888889,0.7777777777777778,0.9444444444444444,0.9444444444444444,0.5944444444444444,0.3055555555555556,0.6666666666666666,0.8611111111111112,0.9444444444444444,0.3888888888888889,0.2962962962962963,0.23333333333333334,0.13333333333333336,0.13333333333333336,0.9444444444444444,175.5553666666856,228.63381500078495
no_reranker,diagnostic:temporal,18,0.6111111111111112,0.7777777777777778,0.8333333333333334,0.9444444444444444,0.7204365079365079,0.4444444444444444,0.6666666666666666,0.7777777777777778,0.9444444444444444,0.6111111111111112,0.2962962962962963,0.21111111111111114,0.1277777777777778,0.1277777777777778,0.9444444444444444,200.66376111092015,282.315440000184
no_reranker,question_type:adverse_reaction,8,0.875,1.0,1.0,1.0,0.9375,0.4375,0.9375,1.0,1.0,0.875,0.625,0.4,0.2,0.2,1.0,231.26297500016335,349.8792150005556
no_reranker,question_type:fact_specific,10,0.4,0.7,0.9,0.9,0.5900000000000001,0.35,0.7,0.9,0.9,0.4,0.3,0.22000000000000003,0.11000000000000001,0.11000000000000001,0.9,216.34624000043914,273.92846000107056
no_reranker,question_type:monitoring,2,1.0,1.0,1.0,1.0,1.0,1.0,1.0,1.0,1.0,1.0,0.3333333333333333,0.2,0.1,0.1,1.0,172.6096499992309,199.33168499878775
no_reranker,question_type:negative_out_of_scope,0,,,,,,,,,,,,,,,,163.51240909088202,210.6614499994066
no_reranker,question_type:paraphrase,6,0.5,0.5,0.8333333333333334,0.8333333333333334,0.5750000000000001,0.5,0.5,0.8333333333333334,0.8333333333333334,0.5,0.16666666666666666,0.16666666666666666,0.08333333333333333,0.08333333333333333,0.8333333333333334,194.65295000069696,212.5957000012022
no_reranker,question_type:preparation,10,0.4,0.8,1.0,1.0,0.6283333333333333,0.35,0.75,0.95,1.0,0.4,0.3,0.22000000000000003,0.12000000000000002,0.12000000000000002,1.0,210.95489000026646,306.4070800003719
no_reranker,question_type:procedure,6,0.3333333333333333,1.0,1.0,1.0,0.6666666666666666,0.047619047619047616,0.5714285714285714,0.7023809523809524,0.8333333333333334,0.3333333333333333,0.38888888888888884,0.3333333333333333,0.21666666666666667,0.21666666666666667,0.8333333333333334,187.39257142884267,226.78061000069647
no_reranker,question_type:product_specific,18,0.3888888888888889,0.7777777777777778,0.9444444444444444,0.9444444444444444,0.5944444444444444,0.3055555555555556,0.6666666666666666,0.8611111111111112,0.9444444444444444,0.3888888888888889,0.2962962962962963,0.23333333333333334,0.13333333333333336,0.13333333333333336,0.9444444444444444,175.5553666666856,228.63381500078495
no_reranker,question_type:temporal,18,0.6111111111111112,0.7777777777777778,0.8333333333333334,0.9444444444444444,0.7204365079365079,0.4444444444444444,0.6666666666666666,0.7777777777777778,0.9444444444444444,0.6111111111111112,0.2962962962962963,0.21111111111111114,0.1277777777777778,0.1277777777777778,0.9444444444444444,200.66376111092015,282.315440000184
current_reranker,diagnostic:colloquial,15,0.4,0.8666666666666667,0.8666666666666667,0.9333333333333333,0.586111111111111,0.3,0.7333333333333333,0.7666666666666667,0.8666666666666667,0.4,0.28888888888888886,0.18666666666666668,0.11333333333333334,0.11333333333333334,0.8666666666666667,275.10754666691355,365.3594000007615
current_reranker,diagnostic:exact_medical_or_product_term,15,0.3333333333333333,0.7333333333333333,0.8,0.8666666666666667,0.525,0.26666666666666666,0.6333333333333333,0.7,0.8333333333333334,0.3333333333333333,0.24444444444444444,0.16000000000000003,0.10666666666666667,0.10666666666666667,0.8333333333333334,245.06001333308328,308.98167999985156
current_reranker,diagnostic:long_natural_language,3,0.0,0.6666666666666666,1.0,1.0,0.3611111111111111,0.0,0.6666666666666666,0.7142857142857143,0.7619047619047619,0.0,0.2222222222222222,0.20000000000000004,0.13333333333333333,0.13333333333333333,0.7619047619047619,235.8500666665956,306.08138000097824
current_reranker,diagnostic:numeric_or_time,11,0.2727272727272727,0.8181818181818182,0.8181818181818182,0.8181818181818182,0.4848484848484848,0.13636363636363635,0.6818181818181818,0.7272727272727273,0.8181818181818182,0.2727272727272727,0.2727272727272727,0.18181818181818182,0.10909090909090911,0.10909090909090911,0.8181818181818182,245.7891090904344,331.4110999999684
current_reranker,diagnostic:paraphrase,6,0.3333333333333333,0.5,0.6666666666666666,0.6666666666666666,0.4222222222222222,0.3333333333333333,0.5,0.6666666666666666,0.6666666666666666,0.3333333333333333,0.16666666666666666,0.13333333333333333,0.06666666666666667,0.06666666666666667,0.6666666666666666,264.16423333406175,285.45992500039574
current_reranker,diagnostic:procedure,6,0.0,0.3333333333333333,0.8333333333333334,0.8333333333333334,0.22777777777777777,0.0,0.25,0.38095238095238093,0.5357142857142857,0.0,0.1111111111111111,0.16666666666666666,0.15,0.15,0.5357142857142857,264.5530714288335,311.8871500010755
current_reranker,diagnostic:product_specific,18,0.4444444444444444,0.6666666666666666,0.8333333333333334,0.9444444444444444,0.6013888888888889,0.3611111111111111,0.5555555555555556,0.6944444444444444,0.8611111111111112,0.4444444444444444,0.24074074074074073,0.17777777777777778,0.11666666666666667,0.11666666666666667,0.8611111111111112,246.57282777783016,352.32929500107264
current_reranker,diagnostic:temporal,18,0.3333333333333333,0.7777777777777778,0.8333333333333334,0.9444444444444444,0.5427469135802468,0.2222222222222222,0.6666666666666666,0.7777777777777778,0.9444444444444444,0.3333333333333333,0.2962962962962963,0.21111111111111114,0.1277777777777778,0.1277777777777778,0.9444444444444444,266.7481722220752,360.1361200003794
current_reranker,question_type:adverse_reaction,8,0.625,1.0,1.0,1.0,0.7916666666666666,0.3125,0.8125,0.9375,1.0,0.625,0.5416666666666666,0.375,0.2,0.2,1.0,295.5812875003403,422.2407300003851
current_reranker,question_type:fact_specific,10,0.3,0.8,0.9,0.9,0.5533333333333333,0.25,0.8,0.9,0.9,0.3,0.3333333333333333,0.22000000000000003,0.11000000000000001,0.11000000000000001,0.9,310.4123900002378,365.34554000104436
current_reranker,question_type:monitoring,2,0.0,0.5,1.0,1.0,0.29166666666666663,0.0,0.5,1.0,1.0,0.0,0.16666666666666666,0.2,0.1,0.1,1.0,239.06779999924765,266.4474199985307
current_reranker,question_type:negative_out_of_scope,0,,,,,,,,,,,,,,,,208.9268999999893,259.32004999958735
current_reranker,question_type:paraphrase,6,0.3333333333333333,0.5,0.6666666666666666,0.6666666666666666,0.4222222222222222,0.3333333333333333,0.5,0.6666666666666666,0.6666666666666666,0.3333333333333333,0.16666666666666666,0.13333333333333333,0.06666666666666667,0.06666666666666667,0.6666666666666666,264.16423333406175,285.45992500039574
current_reranker,question_type:preparation,10,0.1,0.6,0.7,0.9,0.3491666666666667,0.05,0.6,0.65,0.9,0.1,0.2333333333333333,0.16,0.11000000000000001,0.11000000000000001,0.9,294.2462700003489,391.8850000006387
current_reranker,question_type:procedure,6,0.0,0.3333333333333333,0.8333333333333334,0.8333333333333334,0.22777777777777777,0.0,0.25,0.38095238095238093,0.5357142857142857,0.0,0.1111111111111111,0.16666666666666666,0.15,0.15,0.5357142857142857,264.5530714288335,311.8871500010755
current_reranker,question_type:product_specific,18,0.4444444444444444,0.6666666666666666,0.8333333333333334,0.9444444444444444,0.6013888888888889,0.3611111111111111,0.5555555555555556,0.6944444444444444,0.8611111111111112,0.4444444444444444,0.24074074074074073,0.17777777777777778,0.11666666666666667,0.11666666666666667,0.8611111111111112,246.57282777783016,352.32929500107264
current_reranker,question_type:temporal,18,0.3333333333333333,0.7777777777777778,0.8333333333333334,0.9444444444444444,0.5427469135802468,0.2222222222222222,0.6666666666666666,0.7777777777777778,0.9444444444444444,0.3333333333333333,0.2962962962962963,0.21111111111111114,0.1277777777777778,0.1277777777777778,0.9444444444444444,266.7481722220752,360.1361200003794
normalized_input,diagnostic:colloquial,15,0.4666666666666667,0.8,0.8666666666666667,0.9333333333333333,0.6611111111111111,0.4,0.6666666666666666,0.8333333333333334,0.9333333333333333,0.4666666666666667,0.26666666666666666,0.21333333333333335,0.12666666666666668,0.12666666666666668,0.9333333333333333,201.73058666672054,285.672080000586
normalized_input,diagnostic:exact_medical_or_product_term,15,0.4666666666666667,0.7333333333333333,0.8,0.8666666666666667,0.6133333333333333,0.4,0.6333333333333333,0.7333333333333333,0.8666666666666667,0.4666666666666667,0.24444444444444444,0.17333333333333334,0.11333333333333334,0.11333333333333334,0.8666666666666667,180.9796399999565,243.14000999947888
normalized_input,diagnostic:long_natural_language,3,0.3333333333333333,1.0,1.0,1.0,0.611111111111111,0.047619047619047616,0.7142857142857143,0.7619047619047619,0.7619047619047619,0.3333333333333333,0.3333333333333333,0.26666666666666666,0.13333333333333333,0.13333333333333333,0.7619047619047619,167.01499999968897,210.10963000080665
normalized_input,diagnostic:numeric_or_time,11,0.6363636363636364,0.8181818181818182,0.8181818181818182,0.8181818181818182,0.7272727272727273,0.5,0.6818181818181818,0.7272727272727273,0.8181818181818182,0.6363636363636364,0.2727272727272727,0.18181818181818182,0.10909090909090911,0.10909090909090911,0.8181818181818182,179.02269090857524,256.4555499998278
normalized_input,diagnostic:paraphrase,6,0.3333333333333333,0.5,0.5,0.8333333333333334,0.4444444444444444,0.3333333333333333,0.5,0.5,0.8333333333333334,0.3333333333333333,0.16666666666666666,0.10000000000000002,0.08333333333333333,0.08333333333333333,0.8333333333333334,194.66118333396784,212.60285000107615
normalized_input,diagnostic:procedure,6,0.3333333333333333,1.0,1.0,1.0,0.611111111111111,0.047619047619047616,0.5714285714285714,0.7023809523809524,0.8333333333333334,0.3333333333333333,0.38888888888888884,0.3333333333333333,0.21666666666666667,0.21666666666666667,0.8333333333333334,187.40158571485412,226.78902000143353
normalized_input,diagnostic:product_specific,18,0.2777777777777778,0.7777777777777778,0.8888888888888888,0.9444444444444444,0.5435185185185185,0.25,0.6666666666666666,0.8055555555555556,0.9444444444444444,0.2777777777777778,0.2962962962962963,0.21111111111111114,0.13333333333333336,0.13333333333333336,0.9444444444444444,175.5689611112656,228.6429800007226
normalized_input,diagnostic:temporal,18,0.6111111111111112,0.7777777777777778,0.8333333333333334,0.9444444444444444,0.7101851851851851,0.4444444444444444,0.6666666666666666,0.7777777777777778,0.9444444444444444,0.6111111111111112,0.2962962962962963,0.21111111111111114,0.1277777777777778,0.1277777777777778,0.9444444444444444,200.677122222007,282.32479000062085
normalized_input,question_type:adverse_reaction,8,0.75,1.0,1.0,1.0,0.875,0.375,0.9375,1.0,1.0,0.75,0.625,0.4,0.2,0.2,1.0,231.27358749979976,349.8954799998955
normalized_input,question_type:fact_specific,10,0.4,0.7,0.9,0.9,0.595,0.4,0.7,0.9,0.9,0.4,0.3,0.22000000000000003,0.11000000000000001,0.11000000000000001,0.9,216.35645000069417,273.9357250016383
normalized_input,question_type:monitoring,2,0.5,1.0,1.0,1.0,0.75,0.5,1.0,1.0,1.0,0.5,0.3333333333333333,0.2,0.1,0.1,1.0,172.61724999889339,199.33901499803142
normalized_input,question_type:negative_out_of_scope,0,,,,,,,,,,,,,,,,163.52362727262846,210.67510000057155
normalized_input,question_type:paraphrase,6,0.3333333333333333,0.5,0.5,0.8333333333333334,0.4444444444444444,0.3333333333333333,0.5,0.5,0.8333333333333334,0.3333333333333333,0.16666666666666666,0.10000000000000002,0.08333333333333333,0.08333333333333333,0.8333333333333334,194.66118333396784,212.60285000107615
normalized_input,question_type:preparation,10,0.4,0.8,0.9,1.0,0.625,0.35,0.75,0.85,1.0,0.4,0.3,0.2,0.12000000000000002,0.12000000000000002,1.0,210.9675900000184,306.4151700001275
normalized_input,question_type:procedure,6,0.3333333333333333,1.0,1.0,1.0,0.611111111111111,0.047619047619047616,0.5714285714285714,0.7023809523809524,0.8333333333333334,0.3333333333333333,0.38888888888888884,0.3333333333333333,0.21666666666666667,0.21666666666666667,0.8333333333333334,187.40158571485412,226.78902000143353
normalized_input,question_type:product_specific,18,0.2777777777777778,0.7777777777777778,0.8888888888888888,0.9444444444444444,0.5435185185185185,0.25,0.6666666666666666,0.8055555555555556,0.9444444444444444,0.2777777777777778,0.2962962962962963,0.21111111111111114,0.13333333333333336,0.13333333333333336,0.9444444444444444,175.5689611112656,228.6429800007226
normalized_input,question_type:temporal,18,0.6111111111111112,0.7777777777777778,0.8333333333333334,0.9444444444444444,0.7101851851851851,0.4444444444444444,0.6666666666666666,0.7777777777777778,0.9444444444444444,0.6111111111111112,0.2962962962962963,0.21111111111111114,0.1277777777777778,0.1277777777777778,0.9444444444444444,200.677122222007,282.32479000062085
candidate_aware,diagnostic:colloquial,15,0.5333333333333333,0.8,0.8666666666666667,0.9333333333333333,0.6833333333333333,0.43333333333333335,0.6666666666666666,0.8333333333333334,0.9333333333333333,0.5333333333333333,0.26666666666666666,0.21333333333333335,0.12666666666666668,0.12666666666666668,0.9333333333333333,201.74793333377843,285.7652999999118
candidate_aware,diagnostic:exact_medical_or_product_term,15,0.4666666666666667,0.7333333333333333,0.8,0.8666666666666667,0.6055555555555556,0.4,0.6333333333333333,0.7,0.8666666666666667,0.4666666666666667,0.24444444444444444,0.16000000000000003,0.11333333333333334,0.11333333333333334,0.8666666666666667,180.97461333309184,243.14165999985556
candidate_aware,diagnostic:long_natural_language,3,0.3333333333333333,1.0,1.0,1.0,0.611111111111111,0.047619047619047616,0.7142857142857143,0.7142857142857143,0.7619047619047619,0.3333333333333333,0.3333333333333333,0.20000000000000004,0.13333333333333333,0.13333333333333333,0.7619047619047619,167.01533333252883,210.11496000028274
candidate_aware,diagnostic:numeric_or_time,11,0.6363636363636364,0.8181818181818182,0.8181818181818182,0.8181818181818182,0.7272727272727273,0.5,0.6818181818181818,0.7272727272727273,0.8181818181818182,0.6363636363636364,0.2727272727272727,0.18181818181818182,0.10909090909090911,0.10909090909090911,0.8181818181818182,179.02016363611685,256.4563499995529
candidate_aware,diagnostic:paraphrase,6,0.5,0.5,0.8333333333333334,0.8333333333333334,0.5750000000000001,0.5,0.5,0.8333333333333334,0.8333333333333334,0.5,0.16666666666666666,0.16666666666666666,0.08333333333333333,0.08333333333333333,0.8333333333333334,194.671433334103,212.61162500195496
candidate_aware,diagnostic:procedure,6,0.3333333333333333,1.0,1.0,1.0,0.6666666666666666,0.047619047619047616,0.5714285714285714,0.6785714285714285,0.8333333333333334,0.3333333333333333,0.38888888888888884,0.3,0.21666666666666667,0.21666666666666667,0.8333333333333334,187.40587142851186,226.79268000038064
candidate_aware,diagnostic:product_specific,18,0.3888888888888889,0.7777777777777778,0.8888888888888888,0.9444444444444444,0.5833333333333334,0.3055555555555556,0.6666666666666666,0.8055555555555556,0.9444444444444444,0.3888888888888889,0.2962962962962963,0.21111111111111114,0.13333333333333336,0.13333333333333336,0.9444444444444444,175.57160555553412,228.64793500125407
candidate_aware,diagnostic:temporal,18,0.6111111111111112,0.7777777777777778,0.8333333333333334,0.9444444444444444,0.7204365079365079,0.4444444444444444,0.6666666666666666,0.7777777777777778,0.9444444444444444,0.6111111111111112,0.2962962962962963,0.21111111111111114,0.1277777777777778,0.1277777777777778,0.9444444444444444,200.67654999987403,282.32671499981734
candidate_aware,question_type:adverse_reaction,8,0.875,1.0,1.0,1.0,0.9375,0.4375,0.9375,1.0,1.0,0.875,0.625,0.4,0.2,0.2,1.0,231.31637499977842,350.0143450004088
candidate_aware,question_type:fact_specific,10,0.4,0.7,0.9,0.9,0.595,0.35,0.7,0.9,0.9,0.4,0.3,0.22000000000000003,0.11000000000000001,0.11000000000000001,0.9,216.35900000028414,273.9385100016534
candidate_aware,question_type:monitoring,2,1.0,1.0,1.0,1.0,1.0,1.0,1.0,1.0,1.0,1.0,0.3333333333333333,0.2,0.1,0.1,1.0,172.62234999952852,199.34168499980842
candidate_aware,question_type:negative_out_of_scope,0,,,,,,,,,,,,,,,,163.5245909092191,210.6753499997467
candidate_aware,question_type:paraphrase,6,0.5,0.5,0.8333333333333334,0.8333333333333334,0.5750000000000001,0.5,0.5,0.8333333333333334,0.8333333333333334,0.5,0.16666666666666666,0.16666666666666666,0.08333333333333333,0.08333333333333333,0.8333333333333334,194.671433334103,212.61162500195496
candidate_aware,question_type:preparation,10,0.5,0.8,1.0,1.0,0.6950000000000001,0.4,0.75,0.95,1.0,0.5,0.3,0.22000000000000003,0.12000000000000002,0.12000000000000002,1.0,210.96928000033586,306.4176900002166
candidate_aware,question_type:procedure,6,0.3333333333333333,1.0,1.0,1.0,0.6666666666666666,0.047619047619047616,0.5714285714285714,0.6785714285714285,0.8333333333333334,0.3333333333333333,0.38888888888888884,0.3,0.21666666666666667,0.21666666666666667,0.8333333333333334,187.40587142851186,226.79268000038064
candidate_aware,question_type:product_specific,18,0.3888888888888889,0.7777777777777778,0.8888888888888888,0.9444444444444444,0.5833333333333334,0.3055555555555556,0.6666666666666666,0.8055555555555556,0.9444444444444444,0.3888888888888889,0.2962962962962963,0.21111111111111114,0.13333333333333336,0.13333333333333336,0.9444444444444444,175.57160555553412,228.64793500125407
candidate_aware,question_type:temporal,18,0.6111111111111112,0.7777777777777778,0.8333333333333334,0.9444444444444444,0.7204365079365079,0.4444444444444444,0.6666666666666666,0.7777777777777778,0.9444444444444444,0.6111111111111112,0.2962962962962963,0.21111111111111114,0.1277777777777778,0.1277777777777778,0.9444444444444444,200.67654999987403,282.32671499981734
rank_preserving,diagnostic:colloquial,15,0.6,0.8,0.8666666666666667,0.9333333333333333,0.7166666666666667,0.5,0.6666666666666666,0.8333333333333334,0.9333333333333333,0.6,0.26666666666666666,0.21333333333333335,0.12666666666666668,0.12666666666666668,0.9333333333333333,201.7494933336517,285.6954600016252
rank_preserving,diagnostic:exact_medical_or_product_term,15,0.4,0.7333333333333333,0.8,0.8666666666666667,0.5688888888888889,0.3333333333333333,0.6333333333333333,0.7333333333333333,0.8666666666666667,0.4,0.24444444444444444,0.17333333333333334,0.11333333333333334,0.11333333333333334,0.8666666666666667,181.004226666361,243.16251000036567
rank_preserving,diagnostic:long_natural_language,3,0.3333333333333333,1.0,1.0,1.0,0.6666666666666666,0.047619047619047616,0.7142857142857143,0.7142857142857143,0.7619047619047619,0.3333333333333333,0.3333333333333333,0.20000000000000004,0.13333333333333333,0.13333333333333333,0.7619047619047619,167.0428333327436,210.13087999981508
rank_preserving,diagnostic:numeric_or_time,11,0.5454545454545454,0.8181818181818182,0.8181818181818182,0.8181818181818182,0.6666666666666666,0.4090909090909091,0.6818181818181818,0.7272727272727273,0.8181818181818182,0.5454545454545454,0.2727272727272727,0.18181818181818182,0.10909090909090911,0.10909090909090911,0.8181818181818182,179.04819999958735,256.47780000099374
rank_preserving,diagnostic:paraphrase,6,0.5,0.5,0.5,0.8333333333333334,0.5555555555555556,0.5,0.5,0.5,0.8333333333333334,0.5,0.16666666666666666,0.10000000000000002,0.08333333333333333,0.08333333333333333,0.8333333333333334,194.69158333383044,212.6418000020749
rank_preserving,diagnostic:procedure,6,0.3333333333333333,1.0,1.0,1.0,0.611111111111111,0.10714285714285714,0.5714285714285714,0.6785714285714285,0.8333333333333334,0.3333333333333333,0.38888888888888884,0.3,0.21666666666666667,0.21666666666666667,0.8333333333333334,187.42097142837468,226.82195000024876
rank_preserving,diagnostic:product_specific,18,0.4444444444444444,0.7777777777777778,0.8888888888888888,0.9444444444444444,0.6268518518518519,0.3611111111111111,0.6666666666666666,0.8055555555555556,0.9444444444444444,0.4444444444444444,0.2962962962962963,0.21111111111111114,0.13333333333333336,0.13333333333333336,0.9444444444444444,175.58357777786821,228.65027500160969
rank_preserving,diagnostic:temporal,18,0.5,0.7777777777777778,0.8333333333333334,0.9444444444444444,0.6473544973544973,0.3611111111111111,0.6666666666666666,0.7777777777777778,0.9444444444444444,0.5,0.2962962962962963,0.21111111111111114,0.1277777777777778,0.1277777777777778,0.9444444444444444,200.69167777743738,282.33147000019017
rank_preserving,question_type:adverse_reaction,8,0.875,1.0,1.0,1.0,0.9375,0.4375,0.9375,1.0,1.0,0.875,0.625,0.4,0.2,0.2,1.0,231.31907500055604,349.91545500156457
rank_preserving,question_type:fact_specific,10,0.5,0.7,0.9,0.9,0.645,0.45,0.7,0.9,0.9,0.5,0.3,0.22000000000000003,0.11000000000000001,0.11000000000000001,0.9,216.3750800003072,273.98258500129486
rank_preserving,question_type:monitoring,2,1.0,1.0,1.0,1.0,1.0,1.0,1.0,1.0,1.0,1.0,0.3333333333333333,0.2,0.1,0.1,1.0,172.6730499990481,199.41263499881643
rank_preserving,question_type:negative_out_of_scope,0,,,,,,,,,,,,,,,,163.54712727248128,210.6900499998119
rank_preserving,question_type:paraphrase,6,0.5,0.5,0.5,0.8333333333333334,0.5555555555555556,0.5,0.5,0.5,0.8333333333333334,0.5,0.16666666666666666,0.10000000000000002,0.08333333333333333,0.08333333333333333,0.8333333333333334,194.69158333383044,212.6418000020749
rank_preserving,question_type:preparation,10,0.3,0.8,1.0,1.0,0.5783333333333334,0.25,0.75,0.95,1.0,0.3,0.3,0.22000000000000003,0.12000000000000002,0.12000000000000002,1.0,210.9781700001804,306.4173699998718
rank_preserving,question_type:procedure,6,0.3333333333333333,1.0,1.0,1.0,0.611111111111111,0.10714285714285714,0.5714285714285714,0.6785714285714285,0.8333333333333334,0.3333333333333333,0.38888888888888884,0.3,0.21666666666666667,0.21666666666666667,0.8333333333333334,187.42097142837468,226.82195000024876
rank_preserving,question_type:product_specific,18,0.4444444444444444,0.7777777777777778,0.8888888888888888,0.9444444444444444,0.6268518518518519,0.3611111111111111,0.6666666666666666,0.8055555555555556,0.9444444444444444,0.4444444444444444,0.2962962962962963,0.21111111111111114,0.13333333333333336,0.13333333333333336,0.9444444444444444,175.58357777786821,228.65027500160969
rank_preserving,question_type:temporal,18,0.5,0.7777777777777778,0.8333333333333334,0.9444444444444444,0.6473544973544973,0.3611111111111111,0.6666666666666666,0.7777777777777778,0.9444444444444444,0.5,0.2962962962962963,0.21111111111111114,0.1277777777777778,0.1277777777777778,0.9444444444444444,200.69167777743738,282.33147000019017
top_n_rerank,diagnostic:colloquial,15,0.6,0.8666666666666667,0.9333333333333333,0.9333333333333333,0.7244444444444444,0.5,0.7333333333333333,0.9,0.9333333333333333,0.6,0.28888888888888886,0.24000000000000002,0.12666666666666668,0.12666666666666668,0.9333333333333333,201.74012000037087,285.6825900011245
top_n_rerank,diagnostic:exact_medical_or_product_term,15,0.4,0.7333333333333333,0.8666666666666667,0.8666666666666667,0.5744444444444444,0.3333333333333333,0.6333333333333333,0.7666666666666667,0.8666666666666667,0.4,0.24444444444444444,0.18666666666666668,0.11333333333333334,0.11333333333333334,0.8666666666666667,180.99127999982252,243.1538999997428
top_n_rerank,diagnostic:long_natural_language,3,0.3333333333333333,1.0,1.0,1.0,0.611111111111111,0.047619047619047616,0.7142857142857143,0.7619047619047619,0.7619047619047619,0.3333333333333333,0.3333333333333333,0.26666666666666666,0.13333333333333333,0.13333333333333333,0.7619047619047619,167.03293333315136,210.1303100002042
top_n_rerank,diagnostic:numeric_or_time,11,0.5454545454545454,0.8181818181818182,0.8181818181818182,0.8181818181818182,0.6666666666666666,0.4090909090909091,0.6818181818181818,0.7272727272727273,0.8181818181818182,0.5454545454545454,0.2727272727272727,0.18181818181818182,0.10909090909090911,0.10909090909090911,0.8181818181818182,179.0344090906563,256.4667000001464
top_n_rerank,diagnostic:paraphrase,6,0.5,0.5,0.8333333333333334,0.8333333333333334,0.5666666666666667,0.5,0.5,0.8333333333333334,0.8333333333333334,0.5,0.16666666666666666,0.16666666666666666,0.08333333333333333,0.08333333333333333,0.8333333333333334,194.68260000030568,212.62880000085715
top_n_rerank,diagnostic:procedure,6,0.3333333333333333,0.8333333333333334,1.0,1.0,0.5611111111111111,0.10714285714285714,0.4047619047619047,0.7023809523809524,0.8333333333333334,0.3333333333333333,0.3333333333333333,0.3333333333333333,0.21666666666666667,0.21666666666666667,0.8333333333333334,187.42278571465118,226.8116700010978
top_n_rerank,diagnostic:product_specific,18,0.4444444444444444,0.7222222222222222,0.9444444444444444,0.9444444444444444,0.6175925925925926,0.3611111111111111,0.5833333333333334,0.8611111111111112,0.9444444444444444,0.4444444444444444,0.25925925925925924,0.23333333333333334,0.13333333333333336,0.13333333333333336,0.9444444444444444,175.58599999994033,228.6754649996964
top_n_rerank,diagnostic:temporal,18,0.5,0.7777777777777778,0.8333333333333334,0.9444444444444444,0.6463624338624339,0.3611111111111111,0.6944444444444444,0.7777777777777778,0.9444444444444444,0.5,0.31481481481481477,0.21111111111111114,0.1277777777777778,0.1277777777777778,0.9444444444444444,200.69446111114706,282.3453100001643
top_n_rerank,question_type:adverse_reaction,8,0.875,1.0,1.0,1.0,0.9375,0.4375,0.9375,1.0,1.0,0.875,0.625,0.4,0.2,0.2,1.0,231.29408749991853,349.9115400005848
top_n_rerank,question_type:fact_specific,10,0.5,0.9,0.9,0.9,0.7,0.45,0.9,0.9,0.9,0.5,0.36666666666666664,0.22000000000000003,0.11000000000000001,0.11000000000000001,0.9,216.37485000055676,273.9568650010824
top_n_rerank,question_type:monitoring,2,1.0,1.0,1.0,1.0,1.0,1.0,1.0,1.0,1.0,1.0,0.3333333333333333,0.2,0.1,0.1,1.0,172.6395999990018,199.36068999872987
top_n_rerank,question_type:negative_out_of_scope,0,,,,,,,,,,,,,,,,163.5747636358825,210.68729999888092
top_n_rerank,question_type:paraphrase,6,0.5,0.5,0.8333333333333334,0.8333333333333334,0.5666666666666667,0.5,0.5,0.8333333333333334,0.8333333333333334,0.5,0.16666666666666666,0.16666666666666666,0.08333333333333333,0.08333333333333333,0.8333333333333334,194.68260000030568,212.62880000085715
top_n_rerank,question_type:preparation,10,0.3,0.8,1.0,1.0,0.5666666666666667,0.25,0.75,0.95,1.0,0.3,0.3,0.22000000000000003,0.12000000000000002,0.12000000000000002,1.0,210.98480000064228,306.4372250010819
top_n_rerank,question_type:procedure,6,0.3333333333333333,0.8333333333333334,1.0,1.0,0.5611111111111111,0.10714285714285714,0.4047619047619047,0.7023809523809524,0.8333333333333334,0.3333333333333333,0.3333333333333333,0.3333333333333333,0.21666666666666667,0.21666666666666667,0.8333333333333334,187.42278571465118,226.8116700010978
top_n_rerank,question_type:product_specific,18,0.4444444444444444,0.7222222222222222,0.9444444444444444,0.9444444444444444,0.6175925925925926,0.3611111111111111,0.5833333333333334,0.8611111111111112,0.9444444444444444,0.4444444444444444,0.25925925925925924,0.23333333333333334,0.13333333333333336,0.13333333333333336,0.9444444444444444,175.58599999994033,228.6754649996964
top_n_rerank,question_type:temporal,18,0.5,0.7777777777777778,0.8333333333333334,0.9444444444444444,0.6463624338624339,0.3611111111111111,0.6944444444444444,0.7777777777777778,0.9444444444444444,0.5,0.31481481481481477,0.21111111111111114,0.1277777777777778,0.1277777777777778,0.9444444444444444,200.69446111114706,282.3453100001643
origin_feature,diagnostic:colloquial,15,0.5333333333333333,0.8,0.8666666666666667,0.9333333333333333,0.6805555555555556,0.43333333333333335,0.6666666666666666,0.8666666666666667,0.9333333333333333,0.5333333333333333,0.26666666666666666,0.22666666666666668,0.12666666666666668,0.12666666666666668,0.9333333333333333,201.7577133336696,285.69962000019586
origin_feature,diagnostic:exact_medical_or_product_term,15,0.4666666666666667,0.7333333333333333,0.8,0.8666666666666667,0.6027777777777777,0.4,0.6333333333333333,0.7333333333333333,0.8666666666666667,0.4666666666666667,0.24444444444444444,0.17333333333333334,0.11333333333333334,0.11333333333333334,0.8666666666666667,181.00968666682698,243.17750999962294
origin_feature,diagnostic:long_natural_language,3,0.3333333333333333,1.0,1.0,1.0,0.611111111111111,0.047619047619047616,0.7142857142857143,0.7619047619047619,0.7619047619047619,0.3333333333333333,0.3333333333333333,0.26666666666666666,0.13333333333333333,0.13333333333333333,0.7619047619047619,167.05589999946824,210.14252999939345
origin_feature,diagnostic:numeric_or_time,11,0.6363636363636364,0.8181818181818182,0.8181818181818182,0.8181818181818182,0.7272727272727273,0.5,0.6818181818181818,0.7272727272727273,0.8181818181818182,0.6363636363636364,0.2727272727272727,0.18181818181818182,0.10909090909090911,0.10909090909090911,0.8181818181818182,179.05187272687974,256.4880999993875
origin_feature,diagnostic:paraphrase,6,0.5,0.5,0.8333333333333334,0.8333333333333334,0.5750000000000001,0.5,0.5,0.8333333333333334,0.8333333333333334,0.5,0.16666666666666666,0.16666666666666666,0.08333333333333333,0.08333333333333333,0.8333333333333334,194.70841666710234,212.64937500200176
origin_feature,diagnostic:procedure,6,0.3333333333333333,1.0,1.0,1.0,0.638888888888889,0.047619047619047616,0.5714285714285714,0.7023809523809524,0.8333333333333334,0.3333333333333333,0.38888888888888884,0.3333333333333333,0.21666666666666667,0.21666666666666667,0.8333333333333334,187.4464142853997,226.82312000097227
origin_feature,diagnostic:product_specific,18,0.3888888888888889,0.7777777777777778,0.8888888888888888,0.9444444444444444,0.5902777777777778,0.3055555555555556,0.6388888888888888,0.8333333333333334,0.9444444444444444,0.3888888888888889,0.2777777777777778,0.2222222222222222,0.13333333333333336,0.13333333333333336,0.9444444444444444,175.61598888909833,228.71272500046862
origin_feature,diagnostic:temporal,18,0.6111111111111112,0.7777777777777778,0.8333333333333334,0.9444444444444444,0.7204365079365079,0.4444444444444444,0.6666666666666666,0.7777777777777778,0.9444444444444444,0.6111111111111112,0.2962962962962963,0.21111111111111114,0.1277777777777778,0.1277777777777778,0.9444444444444444,200.71567777747785,282.37944500015146
origin_feature,question_type:adverse_reaction,8,0.875,1.0,1.0,1.0,0.9375,0.4375,0.9375,1.0,1.0,0.875,0.625,0.4,0.2,0.2,1.0,231.31056250008442,349.9153550000755
origin_feature,question_type:fact_specific,10,0.4,0.7,0.9,0.9,0.5900000000000001,0.35,0.7,0.9,0.9,0.4,0.3,0.22000000000000003,0.11000000000000001,0.11000000000000001,0.9,216.40169000047536,273.9819400018405
origin_feature,question_type:monitoring,2,1.0,1.0,1.0,1.0,1.0,1.0,1.0,1.0,1.0,1.0,0.3333333333333333,0.2,0.1,0.1,1.0,172.65099999849554,199.37658999810992
origin_feature,question_type:negative_out_of_scope,0,,,,,,,,,,,,,,,,163.55518181808293,210.7300499997109
origin_feature,question_type:paraphrase,6,0.5,0.5,0.8333333333333334,0.8333333333333334,0.5750000000000001,0.5,0.5,0.8333333333333334,0.8333333333333334,0.5,0.16666666666666666,0.16666666666666666,0.08333333333333333,0.08333333333333333,0.8333333333333334,194.70841666710234,212.64937500200176
origin_feature,question_type:preparation,10,0.4,0.8,1.0,1.0,0.6283333333333333,0.35,0.75,0.95,1.0,0.4,0.3,0.22000000000000003,0.12000000000000002,0.12000000000000002,1.0,211.01027000049726,306.4720150005996
origin_feature,question_type:procedure,6,0.3333333333333333,1.0,1.0,1.0,0.638888888888889,0.047619047619047616,0.5714285714285714,0.7023809523809524,0.8333333333333334,0.3333333333333333,0.38888888888888884,0.3333333333333333,0.21666666666666667,0.21666666666666667,0.8333333333333334,187.4464142853997,226.82312000097227
origin_feature,question_type:product_specific,18,0.3888888888888889,0.7777777777777778,0.8888888888888888,0.9444444444444444,0.5902777777777778,0.3055555555555556,0.6388888888888888,0.8333333333333334,0.9444444444444444,0.3888888888888889,0.2777777777777778,0.2222222222222222,0.13333333333333336,0.13333333333333336,0.9444444444444444,175.61598888909833,228.71272500046862
origin_feature,question_type:temporal,18,0.6111111111111112,0.7777777777777778,0.8333333333333334,0.9444444444444444,0.7204365079365079,0.4444444444444444,0.6666666666666666,0.7777777777777778,0.9444444444444444,0.6111111111111112,0.2962962962962963,0.21111111111111114,0.1277777777777778,0.1277777777777778,0.9444444444444444,200.71567777747785,282.37944500015146
