strategy,hit_at_1,hit_at_3,hit_at_5,hit_at_10,mrr,recall_at_1,recall_at_3,recall_at_5,recall_at_10,precision_at_1,precision_at_3,precision_at_5,precision_at_10,ragas_id_context_precision,ragas_id_context_recall,mean_latency_ms,p95_latency_ms,core_score
bm25_current,0.3974358974358974,0.6538461538461539,0.7948717948717948,0.8846153846153846,0.5601648351648352,0.3141025641025641,0.5741758241758241,0.717032967032967,0.8379120879120879,0.3974358974358974,0.26068376068376065,0.19743589743589743,0.11923076923076924,0.11923076923076924,0.8379120879120879,1.0104677777841669,1.6275399999813087,0.7693910256410257
e5_large,0.5897435897435898,0.8205128205128205,0.8717948717948718,0.9358974358974359,0.7151149776149776,0.4505494505494506,0.7408424908424909,0.8278388278388278,0.9084249084249085,0.5897435897435898,0.34615384615384615,0.23589743589743592,0.13076923076923078,0.13076923076923078,0.9084249084249085,193.47350555562014,282.7202950003084,0.8578080484330485
no_reranker,0.5128205128205128,0.7948717948717948,0.9230769230769231,0.9487179487179487,0.6769383394383395,0.37545787545787546,0.6978021978021979,0.8617216117216117,0.9358974358974359,0.5128205128205128,0.32905982905982906,0.24358974358974358,0.13589743589743591,0.13589743589743591,0.9358974358974359,194.65089888899456,283.85608000035063,0.8711576617826617
current_reranker,0.32051282051282054,0.6923076923076923,0.8333333333333334,0.9102564102564102,0.5184116809116809,0.23076923076923078,0.6153846153846154,0.7408424908424909,0.868131868131868,0.32051282051282054,0.27777777777777773,0.20512820512820512,0.12435897435897438,0.12435897435897438,0.868131868131868,265.15781444457184,372.321035000914,0.7825333231583231
normalized_input,0.44871794871794873,0.7948717948717948,0.8717948717948718,0.9487179487179487,0.635897435897436,0.33699633699633696,0.6978021978021979,0.8104395604395604,0.9358974358974359,0.44871794871794873,0.32905982905982906,0.23076923076923078,0.13589743589743591,0.13589743589743591,0.9358974358974359,194.66256888898795,283.8698300008218,0.8480769230769231
candidate_aware,0.5256410256410257,0.7948717948717948,0.9102564102564102,0.9487179487179487,0.6835622710622711,0.38186813186813184,0.6978021978021979,0.8470695970695971,0.9358974358974359,0.5256410256410257,0.32905982905982906,0.23589743589743592,0.13589743589743591,0.13589743589743591,0.9358974358974359,194.66850555562712,283.8707549996798,0.8696085164835164
rank_preserving,0.5,0.7948717948717948,0.8846153846153846,0.9487179487179487,0.6624236874236874,0.37362637362637363,0.6978021978021979,0.8214285714285714,0.9358974358974359,0.5,0.32905982905982906,0.23076923076923078,0.13589743589743591,0.13589743589743591,0.9358974358974359,194.68333888890913,283.8849900009336,0.8579136141636141
top_n_rerank,0.5,0.7948717948717948,0.9230769230769231,0.9487179487179487,0.6626221001221001,0.37362637362637363,0.6978021978021979,0.8617216117216117,0.9358974358974359,0.5,0.32905982905982906,0.24358974358974358,0.13589743589743591,0.13589743589743591,0.9358974358974359,194.68504666675574,283.8866700007202,0.8675786019536019
origin_feature,0.5128205128205128,0.7948717948717948,0.9102564102564102,0.9487179487179487,0.6738400488400489,0.37545787545787546,0.6913919413919414,0.8553113553113553,0.9358974358974359,0.5128205128205128,0.3247863247863248,0.24102564102564103,0.13589743589743591,0.13589743589743591,0.9358974358974359,194.70398333338986,283.91556500009756,0.867177960927961
