retriever,question_type,case_count,hit_at_1,hit_at_10,hit_at_3,hit_at_5,mean_latency_ms,mrr,precision_at_1,precision_at_10,precision_at_3,precision_at_5,ragas_id_context_precision,ragas_id_context_recall,recall_at_1,recall_at_10,recall_at_3,recall_at_5
chromadb,adverse_reaction,8,0.125,0.375,0.125,0.125,14.674712500209353,0.15833333333333333,0.125,0.05,0.08333333333333333,0.05,0.05,0.25,0.0625,0.25,0.125,0.125
chromadb,fact_specific,10,0.0,0.4,0.1,0.2,20.617719999791007,0.08373015873015872,0.0,0.04,0.03333333333333333,0.04,0.04,0.4,0.0,0.4,0.1,0.2
chromadb,monitoring,2,0.0,0.5,0.0,0.0,13.211950001277728,0.08333333333333333,0.0,0.05,0.0,0.0,0.05,0.5,0.0,0.5,0.0,0.0
chromadb,paraphrase,6,0.0,0.3333333333333333,0.0,0.0,19.52163333377636,0.0375,0.0,0.03333333333333333,0.0,0.0,0.03333333333333333,0.3333333333333333,0.0,0.3333333333333333,0.0,0.0
chromadb,preparation,10,0.1,0.1,0.1,0.1,16.007700000227487,0.1,0.1,0.01,0.03333333333333333,0.02,0.01,0.1,0.1,0.1,0.1,0.1
chromadb,procedure,6,0.0,0.0,0.0,0.0,13.376366666307149,0.0,0.0,0.0,0.0,0.0,0.0,0.0,0.0,0.0,0.0,0.0
chromadb,product_specific,18,0.05555555555555555,0.3888888888888889,0.1111111111111111,0.2222222222222222,15.58039999983723,0.13611111111111113,0.05555555555555555,0.03888888888888889,0.037037037037037035,0.044444444444444446,0.03888888888888889,0.3333333333333333,0.05555555555555555,0.3333333333333333,0.08333333333333333,0.16666666666666666
chromadb,temporal,18,0.0,0.2222222222222222,0.1111111111111111,0.16666666666666666,14.21402222240431,0.06534391534391534,0.0,0.03333333333333334,0.037037037037037035,0.05555555555555555,0.03333333333333334,0.2222222222222222,0.0,0.2222222222222222,0.05555555555555555,0.16666666666666666
bm25,adverse_reaction,8,0.75,1.0,1.0,1.0,0.7069499997669482,0.875,0.75,0.2,0.5416666666666666,0.375,0.2,1.0,0.375,1.0,0.8125,0.9375
bm25,fact_specific,10,0.5,0.9,0.8,0.9,1.0203799994997098,0.675,0.5,0.11000000000000001,0.3,0.22000000000000003,0.11000000000000001,0.9,0.5,0.9,0.75,0.9
bm25,monitoring,2,0.5,1.0,0.5,1.0,0.9809500006667804,0.6,0.5,0.1,0.16666666666666666,0.2,0.1,1.0,0.5,1.0,0.5,1.0
bm25,paraphrase,6,0.16666666666666666,0.8333333333333334,0.3333333333333333,0.5,0.7546833330707159,0.3277777777777778,0.16666666666666666,0.08333333333333333,0.1111111111111111,0.10000000000000002,0.08333333333333333,0.8333333333333334,0.16666666666666666,0.8333333333333334,0.3333333333333333,0.5
bm25,preparation,10,0.3,1.0,0.6,0.7,1.0912399997323519,0.4926190476190476,0.3,0.11000000000000001,0.2,0.16,0.11000000000000001,0.95,0.3,0.95,0.55,0.7
bm25,procedure,6,0.0,0.8333333333333334,0.3333333333333333,0.8333333333333334,0.987633333352278,0.2638888888888889,0.0,0.16666666666666666,0.16666666666666666,0.20000000000000004,0.16666666666666666,0.6428571428571429,0.0,0.6428571428571429,0.21428571428571427,0.4880952380952381
bm25,product_specific,18,0.2222222222222222,0.8888888888888888,0.5555555555555556,0.7777777777777778,0.7755055554904781,0.44999999999999996,0.2222222222222222,0.10555555555555557,0.2037037037037037,0.16666666666666666,0.10555555555555557,0.8055555555555556,0.19444444444444445,0.8055555555555556,0.5,0.6666666666666666
bm25,temporal,18,0.6111111111111112,0.7777777777777778,0.7777777777777778,0.7777777777777778,0.7200277777883457,0.6759259259259259,0.6111111111111112,0.10555555555555557,0.2962962962962963,0.1888888888888889,0.10555555555555557,0.75,0.4444444444444444,0.75,0.6666666666666666,0.6944444444444444
hybrid_rrf,adverse_reaction,8,0.625,1.0,0.875,1.0,15.404462500100635,0.7604166666666666,0.625,0.1875,0.3333333333333333,0.225,0.1875,0.9375,0.3125,0.9375,0.5,0.5625
hybrid_rrf,fact_specific,10,0.4,0.9,0.6,0.9,21.664209999107698,0.575,0.4,0.11000000000000001,0.2,0.18,0.11000000000000001,0.9,0.4,0.9,0.6,0.8
hybrid_rrf,monitoring,2,0.5,1.0,0.5,0.5,14.21530000243365,0.5555555555555556,0.5,0.1,0.16666666666666666,0.1,0.1,1.0,0.5,1.0,0.5,0.5
hybrid_rrf,paraphrase,6,0.16666666666666666,0.6666666666666666,0.3333333333333333,0.6666666666666666,20.301600000190472,0.325,0.16666666666666666,0.06666666666666667,0.1111111111111111,0.13333333333333333,0.06666666666666667,0.6666666666666666,0.16666666666666666,0.6666666666666666,0.3333333333333333,0.6666666666666666
hybrid_rrf,preparation,10,0.2,0.7,0.4,0.5,17.121890000453277,0.335,0.2,0.08,0.13333333333333333,0.1,0.08,0.7,0.2,0.7,0.35,0.45
hybrid_rrf,procedure,6,0.0,0.8333333333333334,0.0,0.16666666666666666,14.387116665905827,0.11964285714285715,0.0,0.10000000000000002,0.0,0.03333333333333333,0.10000000000000002,0.4880952380952381,0.0,0.4880952380952381,0.0,0.023809523809523808
hybrid_rrf,product_specific,18,0.2222222222222222,0.8888888888888888,0.4444444444444444,0.6111111111111112,16.379855555391664,0.39404761904761904,0.2222222222222222,0.09444444444444446,0.16666666666666666,0.13333333333333336,0.09444444444444446,0.75,0.19444444444444445,0.75,0.4166666666666667,0.5277777777777778
hybrid_rrf,temporal,18,0.4444444444444444,0.7777777777777778,0.5555555555555556,0.6666666666666666,14.958938889321871,0.544973544973545,0.4444444444444444,0.1,0.2222222222222222,0.15555555555555556,0.1,0.7222222222222222,0.3055555555555556,0.7222222222222222,0.4444444444444444,0.5555555555555556
